<?xml version="1.0" encoding="UTF-8"?>
<?xml-stylesheet type="text/xsl" href="profil.xsl"?>
<!--Aminata-->
<profil xmlns = "http://myGame/tux">
    <nom>Alban</nom>
    <avatar>conan.jpg</avatar>
    <anniversaire>2006-05-08</anniversaire>
    <parties>
        <partie date="2013-12-10">
            <temps>20.0</temps>
            <mot niveau="1">cle</mot>
        </partie>
        <partie date="2013-12-11" trouvé="75%">
            <mot niveau="2">indice</mot>
        </partie>
        <partie date="2013-12-11">
            <temps>20.0</temps>
            <mot niveau="2">indice</mot>
        </partie>
    </parties>
</profil>



